fpr,tpr,auc
0.0,0.0,0.71875
0.5,0.9375,0.71875
1.0,1.0,0.71875
